,0,1
0,Alabama,Autauga
1,Alabama,Baldwin
2,Alabama,Bibb
3,Alabama,Blount
4,Alabama,Bullock
5,Alabama,Butler
6,Alabama,Calhoun
7,Alabama,Chambers
8,Alabama,Cherokee
9,Alabama,Chilton
10,Alabama,Choctaw
11,Alabama,Clarke
12,Alabama,Clay
13,Alabama,Cleburne
14,Alabama,Coffee
15,Alabama,Colbert
16,Alabama,Coosa
17,Alabama,Covington
18,Alabama,Crenshaw
19,Alabama,Cullman
20,Alabama,Dale
21,Alabama,Dallas
22,Alabama,DeKalb
23,Alabama,Elmore
24,Alabama,Escambia
25,Alabama,Etowah
26,Alabama,Fayette
27,Alabama,Franklin
28,Alabama,Geneva
29,Alabama,Greene
30,Alabama,Hale
31,Alabama,Henry
32,Alabama,Houston
33,Alabama,Jackson
34,Alabama,Lamar
35,Alabama,Lauderdale
36,Alabama,Lawrence
37,Alabama,Lee
38,Alabama,Limestone
39,Alabama,Lowndes
40,Alabama,Macon
41,Alabama,Madison
42,Alabama,Marion
43,Alabama,Marshall
44,Alabama,Mobile
45,Alabama,Monroe
46,Alabama,Montgomery
47,Alabama,Morgan
48,Alabama,Perry
49,Alabama,Pickens
50,Alabama,Pike
51,Alabama,Randolph
52,Alabama,Russell
53,Alabama,St. Clair
54,Alabama,Shelby
55,Alabama,Sumter
56,Alabama,Talladega
57,Alabama,Tallapoosa
58,Alabama,Tuscaloosa
59,Alabama,Walker
60,Alabama,Washington
61,Alabama,Wilcox
62,Alabama,Winston
63,Arizona,Apache
64,Arizona,Cochise
65,Arizona,Coconino
66,Arizona,Gila
67,Arizona,Graham
68,Arizona,Greenlee
69,Arizona,La Paz
70,Arizona,Mohave
71,Arizona,Navajo
72,Arizona,Pima
73,Arizona,Pinal
74,Arizona,Santa Cruz
75,Arizona,Yavapai
76,Arizona,Yuma
77,Arkansas,Arkansas
78,Arkansas,Ashley
79,Arkansas,Baxter
80,Arkansas,Benton
81,Arkansas,Boone
82,Arkansas,Calhoun
83,Arkansas,Carroll
84,Arkansas,Chicot
85,Arkansas,Cleburne
86,Arkansas,Cleveland
87,Arkansas,Columbia
88,Arkansas,Conway
89,Arkansas,Craighead
90,Arkansas,Crawford
91,Arkansas,Crittenden
92,Arkansas,Cross
93,Arkansas,Dallas
94,Arkansas,Desha
95,Arkansas,Drew
96,Arkansas,Faulkner
97,Arkansas,Franklin
98,Arkansas,Fulton
99,Arkansas,Garland
100,Arkansas,Grant
101,Arkansas,Greene
102,Arkansas,Hot Spring
103,Arkansas,Howard
104,Arkansas,Independence
105,Arkansas,Izard
106,Arkansas,Jefferson
107,Arkansas,Johnson
108,Arkansas,Lafayette
109,Arkansas,Lee
110,Arkansas,Logan
111,Arkansas,Lonoke
112,Arkansas,Madison
113,Arkansas,Marion
114,Arkansas,Miller
115,Arkansas,Montgomery
116,Arkansas,Nevada
117,Arkansas,Newton
118,Arkansas,Ouachita
119,Arkansas,Perry
120,Arkansas,Phillips
121,Arkansas,Pike
122,Arkansas,Polk
123,Arkansas,Pope
124,Arkansas,Prairie
125,Arkansas,Pulaski
126,Arkansas,St. Francis
127,Arkansas,Saline
128,Arkansas,Scott
129,Arkansas,Searcy
130,Arkansas,Sebastian
131,Arkansas,Sevier
132,Arkansas,Sharp
133,Arkansas,Stone
134,Arkansas,Union
135,Arkansas,Van Buren
136,Arkansas,Washington
137,Arkansas,White
138,Arkansas,Yell
139,California,Alameda
140,California,Alpine
141,California,Amador
142,California,Calaveras
143,California,Colusa
144,California,Contra Costa
145,California,Del Norte
146,California,El Dorado
147,California,Glenn
148,California,Humboldt
149,California,Imperial
150,California,Kern
151,California,Kings
152,California,Lake
153,California,Lassen
154,California,Los Angeles
155,California,Madera
156,California,Marin
157,California,Mariposa
158,California,Mendocino
159,California,Modoc
160,California,Mono
161,California,Monterey
162,California,Napa
163,California,Placer
164,California,Plumas
165,California,Sacramento
166,California,San Benito
167,California,San Francisco
168,California,San Mateo
169,California,Santa Barbara
170,California,Santa Clara
171,California,Santa Cruz
172,California,Shasta
173,California,Sierra
174,California,Siskiyou
175,California,Solano
176,California,Sonoma
177,California,Sutter
178,California,Tehama
179,California,Tulare
180,California,Tuolumne
181,California,Yolo
182,California,Yuba
183,Colorado,Adams
184,Colorado,Archuleta
185,Colorado,Baca
186,Colorado,Bent
187,Colorado,Boulder
188,Colorado,Cheyenne
189,Colorado,Clear Creek
190,Colorado,Costilla
191,Colorado,Crowley
192,Colorado,Custer
193,Colorado,Delta
194,Colorado,Denver
195,Colorado,Dolores
196,Colorado,Douglas
197,Colorado,Eagle
198,Colorado,Elbert
199,Colorado,El Paso
200,Colorado,Fremont
201,Colorado,Gilpin
202,Colorado,Grand
203,Colorado,Gunnison
204,Colorado,Hinsdale
205,Colorado,Jackson
206,Colorado,Kiowa
207,Colorado,Kit Carson
208,Colorado,Lake
209,Colorado,La Plata
210,Colorado,Lincoln
211,Colorado,Logan
212,Colorado,Mesa
213,Colorado,Mineral
214,Colorado,Moffat
215,Colorado,Montezuma
216,Colorado,Montrose
217,Colorado,Morgan
218,Colorado,Otero
219,Colorado,Park
220,Colorado,Phillips
221,Colorado,Pitkin
222,Colorado,Prowers
223,Colorado,Rio Blanco
224,Colorado,Rio Grande
225,Colorado,Routt
226,Colorado,Saguache
227,Colorado,San Juan
228,Colorado,San Miguel
229,Colorado,Sedgwick
230,Colorado,Summit
231,Colorado,Teller
232,Colorado,Washington
233,Colorado,Weld
234,Colorado,Yuma
235,Connecticut,Fairfield
236,Connecticut,Hartford
237,Connecticut,Middlesex
238,Connecticut,New Haven
239,Connecticut,New London
240,Connecticut,Tolland
241,Delaware,New Castle
242,Delaware,Sussex
243,District of Columbia,District of Columbia
244,Florida,Alachua
245,Florida,Baker
246,Florida,Bay
247,Florida,Bradford
248,Florida,Brevard
249,Florida,Broward
250,Florida,Calhoun
251,Florida,Charlotte
252,Florida,Citrus
253,Florida,Clay
254,Florida,Collier
255,Florida,Columbia
256,Florida,Desoto
257,Florida,Dixie
258,Florida,Escambia
259,Florida,Franklin
260,Florida,Gadsden
261,Florida,Gilchrist
262,Florida,Glades
263,Florida,Gulf
264,Florida,Hamilton
265,Florida,Hardee
266,Florida,Hendry
267,Florida,Hernando
268,Florida,Highlands
269,Florida,Holmes
270,Florida,Indian River
271,Florida,Jackson
272,Florida,Lafayette
273,Florida,Lake
274,Florida,Lee
275,Florida,Leon
276,Florida,Levy
277,Florida,Liberty
278,Florida,Madison
279,Florida,Manatee
280,Florida,Marion
281,Florida,Martin
282,Florida,Miami-Dade
283,Florida,Nassau
284,Florida,Okaloosa
285,Florida,Okeechobee
286,Florida,Orange
287,Florida,Palm Beach
288,Florida,Pasco
289,Florida,Polk
290,Florida,Putnam
291,Florida,St. Johns
292,Florida,Santa Rosa
293,Florida,Sarasota
294,Florida,Sumter
295,Florida,Suwannee
296,Florida,Taylor
297,Florida,Union
298,Florida,Wakulla
299,Florida,Walton
300,Florida,Washington
301,Georgia,Appling
302,Georgia,Atkinson
303,Georgia,Bacon
304,Georgia,Banks
305,Georgia,Barrow
306,Georgia,Bartow
307,Georgia,Ben Hill
308,Georgia,Berrien
309,Georgia,Bibb
310,Georgia,Bleckley
311,Georgia,Brantley
312,Georgia,Brooks
313,Georgia,Bryan
314,Georgia,Bulloch
315,Georgia,Butts
316,Georgia,Calhoun
317,Georgia,Camden
318,Georgia,Candler
319,Georgia,Carroll
320,Georgia,Catoosa
321,Georgia,Charlton
322,Georgia,Chatham
323,Georgia,Chattooga
324,Georgia,Cherokee
325,Georgia,Clarke
326,Georgia,Clay
327,Georgia,Clayton
328,Georgia,Clinch
329,Georgia,Coffee
330,Georgia,Colquitt
331,Georgia,Columbia
332,Georgia,Cook
333,Georgia,Coweta
334,Georgia,Crawford
335,Georgia,Crisp
336,Georgia,Dade
337,Georgia,Dawson
338,Georgia,Decatur
339,Georgia,DeKalb
340,Georgia,Dodge
341,Georgia,Dougherty
342,Georgia,Echols
343,Georgia,Effingham
344,Georgia,Elbert
345,Georgia,Emanuel
346,Georgia,Evans
347,Georgia,Fannin
348,Georgia,Fayette
349,Georgia,Floyd
350,Georgia,Forsyth
351,Georgia,Franklin
352,Georgia,Fulton
353,Georgia,Gilmer
354,Georgia,Glascock
355,Georgia,Glynn
356,Georgia,Gordon
357,Georgia,Grady
358,Georgia,Greene
359,Georgia,Habersham
360,Georgia,Hall
361,Georgia,Hancock
362,Georgia,Haralson
363,Georgia,Harris
364,Georgia,Hart
365,Georgia,Heard
366,Georgia,Houston
367,Georgia,Irwin
368,Georgia,Jackson
369,Georgia,Jasper
370,Georgia,Jeff Davis
371,Georgia,Jefferson
372,Georgia,Jenkins
373,Georgia,Johnson
374,Georgia,Jones
375,Georgia,Lamar
376,Georgia,Lanier
377,Georgia,Laurens
378,Georgia,Lee
379,Georgia,Liberty
380,Georgia,Lincoln
381,Georgia,Long
382,Georgia,Lowndes
383,Georgia,Lumpkin
384,Georgia,McDuffie
385,Georgia,McIntosh
386,Georgia,Macon
387,Georgia,Madison
388,Georgia,Marion
389,Georgia,Meriwether
390,Georgia,Miller
391,Georgia,Mitchell
392,Georgia,Monroe
393,Georgia,Montgomery
394,Georgia,Morgan
395,Georgia,Murray
396,Georgia,Muscogee
397,Georgia,Oconee
398,Georgia,Oglethorpe
399,Georgia,Paulding
400,Georgia,Pickens
401,Georgia,Pierce
402,Georgia,Pike
403,Georgia,Polk
404,Georgia,Pulaski
405,Georgia,Putnam
406,Georgia,Rabun
407,Georgia,Randolph
408,Georgia,Richmond
409,Georgia,Schley
410,Georgia,Screven
411,Georgia,Seminole
412,Georgia,Spalding
413,Georgia,Stephens
414,Georgia,Stewart
415,Georgia,Talbot
416,Georgia,Taliaferro
417,Georgia,Tattnall
418,Georgia,Taylor
419,Georgia,Telfair
420,Georgia,Terrell
421,Georgia,Thomas
422,Georgia,Tift
423,Georgia,Toombs
424,Georgia,Towns
425,Georgia,Treutlen
426,Georgia,Troup
427,Georgia,Turner
428,Georgia,Union
429,Georgia,Upson
430,Georgia,Walker
431,Georgia,Walton
432,Georgia,Ware
433,Georgia,Warren
434,Georgia,Wayne
435,Georgia,Wheeler
436,Georgia,White
437,Georgia,Whitfield
438,Georgia,Wilcox
439,Georgia,Wilkes
440,Georgia,Wilkinson
441,Georgia,Worth
442,Idaho,Ada
443,Idaho,Adams
444,Idaho,Bannock
445,Idaho,Bear Lake
446,Idaho,Benewah
447,Idaho,Bingham
448,Idaho,Blaine
449,Idaho,Boise
450,Idaho,Bonner
451,Idaho,Bonneville
452,Idaho,Boundary
453,Idaho,Butte
454,Idaho,Camas
455,Idaho,Canyon
456,Idaho,Caribou
457,Idaho,Cassia
458,Idaho,Clark
459,Idaho,Clearwater
460,Idaho,Custer
461,Idaho,Elmore
462,Idaho,Franklin
463,Idaho,Fremont
464,Idaho,Gem
465,Idaho,Gooding
466,Idaho,Idaho
467,Idaho,Jefferson
468,Idaho,Jerome
469,Idaho,Kootenai
470,Idaho,Lemhi
471,Idaho,Lewis
472,Idaho,Lincoln
473,Idaho,Madison
474,Idaho,Minidoka
475,Idaho,Nez Perce
476,Idaho,Oneida
477,Idaho,Owyhee
478,Idaho,Payette
479,Idaho,Power
480,Idaho,Shoshone
481,Idaho,Twin Falls
482,Idaho,Valley
483,Idaho,Washington
484,Illinois,Adams
485,Illinois,Bond
486,Illinois,Brown
487,Illinois,Champaign
488,Illinois,Christian
489,Illinois,Clark
490,Illinois,Clay
491,Illinois,Clinton
492,Illinois,Cook
493,Illinois,Crawford
494,Illinois,Cumberland
495,Illinois,De Witt
496,Illinois,Douglas
497,Illinois,Edgar
498,Illinois,Edwards
499,Illinois,Effingham
500,Illinois,Fayette
501,Illinois,Ford
502,Illinois,Franklin
503,Illinois,Greene
504,Illinois,Hamilton
505,Illinois,Hancock
506,Illinois,Hardin
507,Illinois,Iroquois
508,Illinois,Jackson
509,Illinois,Jasper
510,Illinois,Jefferson
511,Illinois,Jersey
512,Illinois,Johnson
513,Illinois,Lawrence
514,Illinois,Lee
515,Illinois,Livingston
516,Illinois,Logan
517,Illinois,Marion
518,Illinois,Marshall
519,Illinois,Massac
520,Illinois,Menard
521,Illinois,Monroe
522,Illinois,Morgan
523,Illinois,Moultrie
524,Illinois,Ogle
525,Illinois,Peoria
526,Illinois,Perry
527,Illinois,Piatt
528,Illinois,Pike
529,Illinois,Pope
530,Illinois,Randolph
531,Illinois,Richland
532,Illinois,Rock Island
533,Illinois,St. Clair
534,Illinois,Saline
535,Illinois,Scott
536,Illinois,Shelby
537,Illinois,Stark
538,Illinois,Tazewell
539,Illinois,Union
540,Illinois,Wabash
541,Illinois,Washington
542,Illinois,Wayne
543,Illinois,White
544,Illinois,Williamson
545,Illinois,Woodford
546,Indiana,Adams
547,Indiana,Allen
548,Indiana,Bartholomew
549,Indiana,Benton
550,Indiana,Blackford
551,Indiana,Boone
552,Indiana,Brown
553,Indiana,Carroll
554,Indiana,Cass
555,Indiana,Clark
556,Indiana,Clay
557,Indiana,Clinton
558,Indiana,Crawford
559,Indiana,Daviess
560,Indiana,Dearborn
561,Indiana,Decatur
562,Indiana,DeKalb
563,Indiana,Dubois
564,Indiana,Elkhart
565,Indiana,Fayette
566,Indiana,Floyd
567,Indiana,Fountain
568,Indiana,Franklin
569,Indiana,Fulton
570,Indiana,Gibson
571,Indiana,Grant
572,Indiana,Greene
573,Indiana,Hamilton
574,Indiana,Hancock
575,Indiana,Harrison
576,Indiana,Hendricks
577,Indiana,Henry
578,Indiana,Howard
579,Indiana,Huntington
580,Indiana,Jackson
581,Indiana,Jasper
582,Indiana,Jay
583,Indiana,Jefferson
584,Indiana,Jennings
585,Indiana,Johnson
586,Indiana,Knox
587,Indiana,Kosciusko
588,Indiana,LaGrange
589,Indiana,Lake
590,Indiana,Lawrence
591,Indiana,Marion
592,Indiana,Marshall
593,Indiana,Martin
594,Indiana,Miami
595,Indiana,Monroe
596,Indiana,Montgomery
597,Indiana,Morgan
598,Indiana,Newton
599,Indiana,Noble
600,Indiana,Ohio
601,Indiana,Orange
602,Indiana,Owen
603,Indiana,Parke
604,Indiana,Pike
605,Indiana,Posey
606,Indiana,Pulaski
607,Indiana,Putnam
608,Indiana,Randolph
609,Indiana,Ripley
610,Indiana,Rush
611,Indiana,Scott
612,Indiana,Shelby
613,Indiana,Steuben
614,Indiana,Sullivan
615,Indiana,Switzerland
616,Indiana,Tipton
617,Indiana,Union
618,Indiana,Wabash
619,Indiana,Warren
620,Indiana,Warrick
621,Indiana,Washington
622,Indiana,Wayne
623,Indiana,Wells
624,Indiana,White
625,Indiana,Whitley
626,Iowa,Adair
627,Iowa,Appanoose
628,Iowa,Black Hawk
629,Iowa,Buena Vista
630,Iowa,Butler
631,Iowa,Calhoun
632,Iowa,Cass
633,Iowa,Cherokee
634,Iowa,Clay
635,Iowa,Dallas
636,Iowa,Davis
637,Iowa,Decatur
638,Iowa,Dickinson
639,Iowa,Fremont
640,Iowa,Grundy
641,Iowa,Guthrie
642,Iowa,Hancock
643,Iowa,Harrison
644,Iowa,Henry
645,Iowa,Humboldt
646,Iowa,Ida
647,Iowa,Johnson
648,Iowa,Keokuk
649,Iowa,Linn
650,Iowa,Lucas
651,Iowa,Lyon
652,Iowa,Madison
653,Iowa,Mahaska
654,Iowa,Marion
655,Iowa,Mills
656,Iowa,Monona
657,Iowa,Monroe
658,Iowa,Montgomery
659,Iowa,O'Brien
660,Iowa,Osceola
661,Iowa,Page
662,Iowa,Plymouth
663,Iowa,Pocahontas
664,Iowa,Polk
665,Iowa,Pottawattamie
666,Iowa,Ringgold
667,Iowa,Sac
668,Iowa,Scott
669,Iowa,Shelby
670,Iowa,Sioux
671,Iowa,Story
672,Iowa,Taylor
673,Iowa,Van Buren
674,Iowa,Washington
675,Iowa,Wayne
676,Iowa,Wright
677,Kansas,Allen
678,Kansas,Anderson
679,Kansas,Atchison
680,Kansas,Barber
681,Kansas,Barton
682,Kansas,Bourbon
683,Kansas,Brown
684,Kansas,Butler
685,Kansas,Chase
686,Kansas,Chautauqua
687,Kansas,Cherokee
688,Kansas,Cheyenne
689,Kansas,Clark
690,Kansas,Clay
691,Kansas,Cloud
692,Kansas,Coffey
693,Kansas,Comanche
694,Kansas,Cowley
695,Kansas,Decatur
696,Kansas,Dickinson
697,Kansas,Doniphan
698,Kansas,Douglas
699,Kansas,Edwards
700,Kansas,Elk
701,Kansas,Ellis
702,Kansas,Ellsworth
703,Kansas,Finney
704,Kansas,Ford
705,Kansas,Franklin
706,Kansas,Geary
707,Kansas,Gove
708,Kansas,Graham
709,Kansas,Grant
710,Kansas,Gray
711,Kansas,Greeley
712,Kansas,Greenwood
713,Kansas,Hamilton
714,Kansas,Harper
715,Kansas,Harvey
716,Kansas,Haskell
717,Kansas,Hodgeman
718,Kansas,Jackson
719,Kansas,Jefferson
720,Kansas,Jewell
721,Kansas,Kearny
722,Kansas,Kingman
723,Kansas,Kiowa
724,Kansas,Labette
725,Kansas,Lane
726,Kansas,Leavenworth
727,Kansas,Lincoln
728,Kansas,Linn
729,Kansas,Logan
730,Kansas,Lyon
731,Kansas,McPherson
732,Kansas,Marion
733,Kansas,Marshall
734,Kansas,Meade
735,Kansas,Miami
736,Kansas,Mitchell
737,Kansas,Montgomery
738,Kansas,Morris
739,Kansas,Morton
740,Kansas,Nemaha
741,Kansas,Neosho
742,Kansas,Ness
743,Kansas,Norton
744,Kansas,Osage
745,Kansas,Osborne
746,Kansas,Ottawa
747,Kansas,Pawnee
748,Kansas,Phillips
749,Kansas,Pottawatomie
750,Kansas,Pratt
751,Kansas,Rawlins
752,Kansas,Reno
753,Kansas,Republic
754,Kansas,Rice
755,Kansas,Rooks
756,Kansas,Rush
757,Kansas,Russell
758,Kansas,Saline
759,Kansas,Scott
760,Kansas,Sedgwick
761,Kansas,Seward
762,Kansas,Sheridan
763,Kansas,Sherman
764,Kansas,Smith
765,Kansas,Stafford
766,Kansas,Stanton
767,Kansas,Stevens
768,Kansas,Sumner
769,Kansas,Thomas
770,Kansas,Trego
771,Kansas,Wabaunsee
772,Kansas,Wallace
773,Kansas,Washington
774,Kansas,Wichita
775,Kansas,Wilson
776,Kansas,Woodson
777,Kansas,Wyandotte
778,Kentucky,Adair
779,Kentucky,Allen
780,Kentucky,Anderson
781,Kentucky,Ballard
782,Kentucky,Barren
783,Kentucky,Bell
784,Kentucky,Boone
785,Kentucky,Bourbon
786,Kentucky,Boyd
787,Kentucky,Boyle
788,Kentucky,Bracken
789,Kentucky,Breckinridge
790,Kentucky,Bullitt
791,Kentucky,Butler
792,Kentucky,Caldwell
793,Kentucky,Calloway
794,Kentucky,Campbell
795,Kentucky,Carlisle
796,Kentucky,Carroll
797,Kentucky,Casey
798,Kentucky,Christian
799,Kentucky,Clark
800,Kentucky,Clay
801,Kentucky,Clinton
802,Kentucky,Crittenden
803,Kentucky,Cumberland
804,Kentucky,Daviess
805,Kentucky,Edmonson
806,Kentucky,Estill
807,Kentucky,Fleming
808,Kentucky,Fulton
809,Kentucky,Gallatin
810,Kentucky,Garrard
811,Kentucky,Grant
812,Kentucky,Graves
813,Kentucky,Grayson
814,Kentucky,Green
815,Kentucky,Greenup
816,Kentucky,Hardin
817,Kentucky,Harlan
818,Kentucky,Harrison
819,Kentucky,Hart
820,Kentucky,Henry
821,Kentucky,Hickman
822,Kentucky,Hopkins
823,Kentucky,Jackson
824,Kentucky,Jefferson
825,Kentucky,Jessamine
826,Kentucky,Johnson
827,Kentucky,Kenton
828,Kentucky,Knox
829,Kentucky,Larue
830,Kentucky,Laurel
831,Kentucky,Lawrence
832,Kentucky,Lee
833,Kentucky,Leslie
834,Kentucky,Letcher
835,Kentucky,Lewis
836,Kentucky,Lincoln
837,Kentucky,Livingston
838,Kentucky,Logan
839,Kentucky,Lyon
840,Kentucky,McCracken
841,Kentucky,McCreary
842,Kentucky,McLean
843,Kentucky,Madison
844,Kentucky,Marion
845,Kentucky,Marshall
846,Kentucky,Martin
847,Kentucky,Mason
848,Kentucky,Meade
849,Kentucky,Mercer
850,Kentucky,Metcalfe
851,Kentucky,Monroe
852,Kentucky,Montgomery
853,Kentucky,Morgan
854,Kentucky,Muhlenberg
855,Kentucky,Nelson
856,Kentucky,Nicholas
857,Kentucky,Ohio
858,Kentucky,Oldham
859,Kentucky,Owen
860,Kentucky,Owsley
861,Kentucky,Pendleton
862,Kentucky,Perry
863,Kentucky,Powell
864,Kentucky,Pulaski
865,Kentucky,Robertson
866,Kentucky,Rockcastle
867,Kentucky,Russell
868,Kentucky,Scott
869,Kentucky,Shelby
870,Kentucky,Simpson
871,Kentucky,Spencer
872,Kentucky,Taylor
873,Kentucky,Todd
874,Kentucky,Trigg
875,Kentucky,Trimble
876,Kentucky,Union
877,Kentucky,Warren
878,Kentucky,Washington
879,Kentucky,Wayne
880,Kentucky,Webster
881,Kentucky,Whitley
882,Kentucky,Woodford
883,Louisiana,Acadia
884,Louisiana,Allen
885,Louisiana,Ascension
886,Louisiana,Avoyelles
887,Louisiana,Beauregard
888,Louisiana,Bienville
889,Louisiana,Bossier
890,Louisiana,Calcasieu
891,Louisiana,Caldwell
892,Louisiana,Cameron
893,Louisiana,Catahoula
894,Louisiana,Claiborne
895,Louisiana,Concordia
896,Louisiana,De Soto
897,Louisiana,East Carroll
898,Louisiana,East Feliciana
899,Louisiana,Evangeline
900,Louisiana,Franklin
901,Louisiana,Grant
902,Louisiana,Iberia
903,Louisiana,Iberville
904,Louisiana,Jackson
905,Louisiana,Jefferson
906,Louisiana,Jefferson Davis
907,Louisiana,Lafayette
908,Louisiana,Lafourche
909,Louisiana,La Salle
910,Louisiana,Lincoln
911,Louisiana,Livingston
912,Louisiana,Madison
913,Louisiana,Morehouse
914,Louisiana,Natchitoches
915,Louisiana,Orleans
916,Louisiana,Ouachita
917,Louisiana,Plaquemines
918,Louisiana,Rapides
919,Louisiana,Red River
920,Louisiana,Richland
921,Louisiana,Sabine
922,Louisiana,St. Bernard
923,Louisiana,St. Charles
924,Louisiana,St. Helena
925,Louisiana,St. James
926,Louisiana,St. John the Baptist
927,Louisiana,St. Landry
928,Louisiana,St. Martin
929,Louisiana,St. Mary
930,Louisiana,St. Tammany
931,Louisiana,Tangipahoa
932,Louisiana,Tensas
933,Louisiana,Terrebonne
934,Louisiana,Union
935,Louisiana,Vermilion
936,Louisiana,Vernon
937,Louisiana,Washington
938,Louisiana,Webster
939,Louisiana,West Baton Rouge
940,Louisiana,West Carroll
941,Louisiana,West Feliciana
942,Louisiana,Winn
943,Maine,Cumberland
944,Maine,Hancock
945,Maine,Knox
946,Maine,Lincoln
947,Maine,Piscataquis
948,Maine,Sagadahoc
949,Maine,Waldo
950,Maine,York
951,Maryland,Allegany
952,Maryland,Baltimore
953,Maryland,Calvert
954,Maryland,Caroline
955,Maryland,Carroll
956,Maryland,Cecil
957,Maryland,Charles
958,Maryland,Dorchester
959,Maryland,Garrett
960,Maryland,Harford
961,Maryland,Howard
962,Maryland,Montgomery
963,Maryland,Prince George's
964,Maryland,Queen Anne's
965,Maryland,St. Mary's
966,Maryland,Washington
967,Maryland,Wicomico
968,Maryland,Worcester
969,Maryland,Baltimore City
970,Massachusetts,Barnstable
971,Massachusetts,Berkshire
972,Massachusetts,Bristol
973,Massachusetts,Dukes
974,Massachusetts,Essex
975,Massachusetts,Franklin
976,Massachusetts,Hampden
977,Massachusetts,Hampshire
978,Massachusetts,Middlesex
979,Massachusetts,Nantucket
980,Massachusetts,Norfolk
981,Massachusetts,Plymouth
982,Massachusetts,Suffolk
983,Massachusetts,Worcester
984,Michigan,Alcona
985,Michigan,Allegan
986,Michigan,Antrim
987,Michigan,Baraga
988,Michigan,Barry
989,Michigan,Branch
990,Michigan,Charlevoix
991,Michigan,Cheboygan
992,Michigan,Chippewa
993,Michigan,Crawford
994,Michigan,Dickinson
995,Michigan,Emmet
996,Michigan,Genesee
997,Michigan,Grand Traverse
998,Michigan,Hillsdale
999,Michigan,Houghton
1000,Michigan,Huron
1001,Michigan,Ingham
1002,Michigan,Ionia
1003,Michigan,Kalamazoo
1004,Michigan,Kalkaska
1005,Michigan,Keweenaw
1006,Michigan,Lapeer
1007,Michigan,Livingston
1008,Michigan,Luce
1009,Michigan,Mackinac
1010,Michigan,Marquette
1011,Michigan,Mecosta
1012,Michigan,Midland
1013,Michigan,Missaukee
1014,Michigan,Montcalm
1015,Michigan,Montmorency
1016,Michigan,Muskegon
1017,Michigan,Newaygo
1018,Michigan,Oakland
1019,Michigan,Osceola
1020,Michigan,Oscoda
1021,Michigan,Otsego
1022,Michigan,Ottawa
1023,Michigan,St. Joseph
1024,Michigan,Sanilac
1025,Michigan,Tuscola
1026,Michigan,Washtenaw
1027,Michigan,Wayne
1028,Michigan,Wexford
1029,Minnesota,Anoka
1030,Minnesota,Becker
1031,Minnesota,Benton
1032,Minnesota,Brown
1033,Minnesota,Carlton
1034,Minnesota,Carver
1035,Minnesota,Cass
1036,Minnesota,Chisago
1037,Minnesota,Clearwater
1038,Minnesota,Cook
1039,Minnesota,Cottonwood
1040,Minnesota,Crow Wing
1041,Minnesota,Dodge
1042,Minnesota,Douglas
1043,Minnesota,Faribault
1044,Minnesota,Goodhue
1045,Minnesota,Hennepin
1046,Minnesota,Hubbard
1047,Minnesota,Isanti
1048,Minnesota,Jackson
1049,Minnesota,Kanabec
1050,Minnesota,Kandiyohi
1051,Minnesota,Lake
1052,Minnesota,Lake of the Woods
1053,Minnesota,Le Sueur
1054,Minnesota,Lyon
1055,Minnesota,McLeod
1056,Minnesota,Martin
1057,Minnesota,Meeker
1058,Minnesota,Mille Lacs
1059,Minnesota,Morrison
1060,Minnesota,Nobles
1061,Minnesota,Otter Tail
1062,Minnesota,Pipestone
1063,Minnesota,Ramsey
1064,Minnesota,Redwood
1065,Minnesota,Renville
1066,Minnesota,Rock
1067,Minnesota,Roseau
1068,Minnesota,Saint Louis
1069,Minnesota,Scott
1070,Minnesota,Sherburne
1071,Minnesota,Sibley
1072,Minnesota,Stearns
1073,Minnesota,Steele
1074,Minnesota,Todd
1075,Minnesota,Wabasha
1076,Minnesota,Wadena
1077,Minnesota,Waseca
1078,Minnesota,Wilkin
1079,Minnesota,Wright
1080,Mississippi,Adams
1081,Mississippi,Alcorn
1082,Mississippi,Amite
1083,Mississippi,Attala
1084,Mississippi,Bolivar
1085,Mississippi,Calhoun
1086,Mississippi,Carroll
1087,Mississippi,Choctaw
1088,Mississippi,Claiborne
1089,Mississippi,Clarke
1090,Mississippi,Clay
1091,Mississippi,Coahoma
1092,Mississippi,Covington
1093,Mississippi,DeSoto
1094,Mississippi,Forrest
1095,Mississippi,Franklin
1096,Mississippi,George
1097,Mississippi,Greene
1098,Mississippi,Grenada
1099,Mississippi,Hancock
1100,Mississippi,Harrison
1101,Mississippi,Hinds
1102,Mississippi,Holmes
1103,Mississippi,Humphreys
1104,Mississippi,Issaquena
1105,Mississippi,Itawamba
1106,Mississippi,Jackson
1107,Mississippi,Jasper
1108,Mississippi,Jefferson
1109,Mississippi,Jefferson Davis
1110,Mississippi,Jones
1111,Mississippi,Kemper
1112,Mississippi,Lafayette
1113,Mississippi,Lamar
1114,Mississippi,Lauderdale
1115,Mississippi,Lawrence
1116,Mississippi,Leake
1117,Mississippi,Lee
1118,Mississippi,Leflore
1119,Mississippi,Lincoln
1120,Mississippi,Lowndes
1121,Mississippi,Madison
1122,Mississippi,Marion
1123,Mississippi,Marshall
1124,Mississippi,Monroe
1125,Mississippi,Montgomery
1126,Mississippi,Neshoba
1127,Mississippi,Newton
1128,Mississippi,Noxubee
1129,Mississippi,Pearl River
1130,Mississippi,Perry
1131,Mississippi,Pontotoc
1132,Mississippi,Prentiss
1133,Mississippi,Quitman
1134,Mississippi,Rankin
1135,Mississippi,Scott
1136,Mississippi,Sharkey
1137,Mississippi,Simpson
1138,Mississippi,Smith
1139,Mississippi,Stone
1140,Mississippi,Sunflower
1141,Mississippi,Tallahatchie
1142,Mississippi,Tate
1143,Mississippi,Tippah
1144,Mississippi,Tishomingo
1145,Mississippi,Tunica
1146,Mississippi,Union
1147,Mississippi,Walthall
1148,Mississippi,Washington
1149,Mississippi,Wayne
1150,Mississippi,Webster
1151,Mississippi,Wilkinson
1152,Mississippi,Winston
1153,Mississippi,Yalobusha
1154,Missouri,Adair
1155,Missouri,Andrew
1156,Missouri,Atchison
1157,Missouri,Audrain
1158,Missouri,Barry
1159,Missouri,Barton
1160,Missouri,Bates
1161,Missouri,Benton
1162,Missouri,Bollinger
1163,Missouri,Butler
1164,Missouri,Caldwell
1165,Missouri,Callaway
1166,Missouri,Camden
1167,Missouri,Cape Girardeau
1168,Missouri,Carroll
1169,Missouri,Carter
1170,Missouri,Cass
1171,Missouri,Cedar
1172,Missouri,Chariton
1173,Missouri,Christian
1174,Missouri,Clark
1175,Missouri,Clay
1176,Missouri,Clinton
1177,Missouri,Cole
1178,Missouri,Cooper
1179,Missouri,Crawford
1180,Missouri,Dade
1181,Missouri,Dallas
1182,Missouri,Daviess
1183,Missouri,DeKalb
1184,Missouri,Dent
1185,Missouri,Douglas
1186,Missouri,Dunklin
1187,Missouri,Franklin
1188,Missouri,Gasconade
1189,Missouri,Gentry
1190,Missouri,Greene
1191,Missouri,Grundy
1192,Missouri,Harrison
1193,Missouri,Henry
1194,Missouri,Hickory
1195,Missouri,Holt
1196,Missouri,Howard
1197,Missouri,Howell
1198,Missouri,Jasper
1199,Missouri,Johnson
1200,Missouri,Knox
1201,Missouri,Laclede
1202,Missouri,Lafayette
1203,Missouri,Lawrence
1204,Missouri,Lewis
1205,Missouri,Lincoln
1206,Missouri,Linn
1207,Missouri,Livingston
1208,Missouri,McDonald
1209,Missouri,Macon
1210,Missouri,Madison
1211,Missouri,Maries
1212,Missouri,Marion
1213,Missouri,Mercer
1214,Missouri,Miller
1215,Missouri,Mississippi
1216,Missouri,Moniteau
1217,Missouri,Monroe
1218,Missouri,Montgomery
1219,Missouri,Morgan
1220,Missouri,New Madrid
1221,Missouri,Newton
1222,Missouri,Nodaway
1223,Missouri,Oregon
1224,Missouri,Osage
1225,Missouri,Ozark
1226,Missouri,Pemiscot
1227,Missouri,Perry
1228,Missouri,Pettis
1229,Missouri,Phelps
1230,Missouri,Pike
1231,Missouri,Platte
1232,Missouri,Polk
1233,Missouri,Pulaski
1234,Missouri,Putnam
1235,Missouri,Ralls
1236,Missouri,Randolph
1237,Missouri,Ray
1238,Missouri,Reynolds
1239,Missouri,Ripley
1240,Missouri,St. Charles
1241,Missouri,St. Clair
1242,Missouri,St. Francois
1243,Missouri,St. Louis County
1244,Missouri,Saline
1245,Missouri,Schuyler
1246,Missouri,Scotland
1247,Missouri,Scott
1248,Missouri,Shannon
1249,Missouri,Shelby
1250,Missouri,Stoddard
1251,Missouri,Stone
1252,Missouri,Sullivan
1253,Missouri,Taney
1254,Missouri,Texas
1255,Missouri,Vernon
1256,Missouri,Warren
1257,Missouri,Wayne
1258,Missouri,Webster
1259,Missouri,Worth
1260,Missouri,Wright
1261,Missouri,St. Louis City
1262,Montana,Beaverhead
1263,Montana,Big Horn
1264,Montana,Broadwater
1265,Montana,Carbon
1266,Montana,Carter
1267,Montana,Chouteau
1268,Montana,Custer
1269,Montana,Daniels
1270,Montana,Dawson
1271,Montana,Deer Lodge
1272,Montana,Fallon
1273,Montana,Fergus
1274,Montana,Flathead
1275,Montana,Garfield
1276,Montana,Glacier
1277,Montana,Golden Valley
1278,Montana,Granite
1279,Montana,Jefferson
1280,Montana,Judith Basin
1281,Montana,Liberty
1282,Montana,Lincoln
1283,Montana,McCone
1284,Montana,Madison
1285,Montana,Meagher
1286,Montana,Mineral
1287,Montana,Missoula
1288,Montana,Musselshell
1289,Montana,Park
1290,Montana,Petroleum
1291,Montana,Phillips
1292,Montana,Pondera
1293,Montana,Powder River
1294,Montana,Powell
1295,Montana,Prairie
1296,Montana,Ravalli
1297,Montana,Richland
1298,Montana,Sanders
1299,Montana,Sheridan
1300,Montana,Silver Bow
1301,Montana,Stillwater
1302,Montana,Sweet Grass
1303,Montana,Teton
1304,Montana,Toole
1305,Montana,Treasure
1306,Montana,Valley
1307,Montana,Wheatland
1308,Montana,Wibaux
1309,Montana,Yellowstone
1310,Nebraska,Adams
1311,Nebraska,Antelope
1312,Nebraska,Arthur
1313,Nebraska,Banner
1314,Nebraska,Blaine
1315,Nebraska,Boone
1316,Nebraska,Box Butte
1317,Nebraska,Boyd
1318,Nebraska,Brown
1319,Nebraska,Buffalo
1320,Nebraska,Burt
1321,Nebraska,Butler
1322,Nebraska,Cass
1323,Nebraska,Cedar
1324,Nebraska,Chase
1325,Nebraska,Cherry
1326,Nebraska,Cheyenne
1327,Nebraska,Clay
1328,Nebraska,Colfax
1329,Nebraska,Cuming
1330,Nebraska,Custer
1331,Nebraska,Dakota
1332,Nebraska,Dawes
1333,Nebraska,Dawson
1334,Nebraska,Deuel
1335,Nebraska,Dixon
1336,Nebraska,Dodge
1337,Nebraska,Dundy
1338,Nebraska,Fillmore
1339,Nebraska,Franklin
1340,Nebraska,Frontier
1341,Nebraska,Furnas
1342,Nebraska,Gage
1343,Nebraska,Garden
1344,Nebraska,Garfield
1345,Nebraska,Gosper
1346,Nebraska,Grant
1347,Nebraska,Greeley
1348,Nebraska,Hall
1349,Nebraska,Hamilton
1350,Nebraska,Harlan
1351,Nebraska,Hayes
1352,Nebraska,Hitchcock
1353,Nebraska,Holt
1354,Nebraska,Hooker
1355,Nebraska,Howard
1356,Nebraska,Jefferson
1357,Nebraska,Johnson
1358,Nebraska,Kearney
1359,Nebraska,Keith
1360,Nebraska,Keya Paha
1361,Nebraska,Kimball
1362,Nebraska,Knox
1363,Nebraska,Lincoln
1364,Nebraska,Logan
1365,Nebraska,Loup
1366,Nebraska,McPherson
1367,Nebraska,Madison
1368,Nebraska,Merrick
1369,Nebraska,Morrill
1370,Nebraska,Nance
1371,Nebraska,Nemaha
1372,Nebraska,Nuckolls
1373,Nebraska,Otoe
1374,Nebraska,Pawnee
1375,Nebraska,Perkins
1376,Nebraska,Phelps
1377,Nebraska,Pierce
1378,Nebraska,Platte
1379,Nebraska,Polk
1380,Nebraska,Red Willow
1381,Nebraska,Richardson
1382,Nebraska,Rock
1383,Nebraska,Sarpy
1384,Nebraska,Saunders
1385,Nebraska,Scotts Bluff
1386,Nebraska,Seward
1387,Nebraska,Sheridan
1388,Nebraska,Sherman
1389,Nebraska,Sioux
1390,Nebraska,Stanton
1391,Nebraska,Thayer
1392,Nebraska,Thomas
1393,Nebraska,Valley
1394,Nebraska,Washington
1395,Nebraska,Wayne
1396,Nebraska,Webster
1397,Nebraska,Wheeler
1398,Nebraska,York
1399,Nevada,Churchill
1400,Nevada,Clark
1401,Nevada,Douglas
1402,Nevada,Elko
1403,Nevada,Esmeralda
1404,Nevada,Eureka
1405,Nevada,Humboldt
1406,Nevada,Lander
1407,Nevada,Lincoln
1408,Nevada,Lyon
1409,Nevada,Mineral
1410,Nevada,Nye
1411,Nevada,Pershing
1412,Nevada,Storey
1413,Nevada,White Pine
1414,New Hampshire,Cheshire
1415,New Hampshire,Grafton
1416,New Hampshire,Merrimack
1417,New Hampshire,Strafford
1418,New Jersey,Atlantic
1419,New Jersey,Bergen
1420,New Jersey,Burlington
1421,New Jersey,Camden
1422,New Jersey,Cape May
1423,New Jersey,Cumberland
1424,New Jersey,Essex
1425,New Jersey,Hudson
1426,New Jersey,Hunterdon
1427,New Jersey,Mercer
1428,New Jersey,Middlesex
1429,New Jersey,Monmouth
1430,New Jersey,Ocean
1431,New Jersey,Passaic
1432,New Jersey,Sussex
1433,New Jersey,Union
1434,New Jersey,Warren
1435,New Mexico,Bernalillo
1436,New Mexico,Catron
1437,New Mexico,Chaves
1438,New Mexico,Cibola
1439,New Mexico,Curry
1440,New Mexico,De Baca
1441,New Mexico,Dona Ana
1442,New Mexico,Eddy
1443,New Mexico,Grant
1444,New Mexico,Guadalupe
1445,New Mexico,Harding
1446,New Mexico,Lea
1447,New Mexico,Lincoln
1448,New Mexico,McKinley
1449,New Mexico,Mora
1450,New Mexico,Otero
1451,New Mexico,Quay
1452,New Mexico,Rio Arriba
1453,New Mexico,Roosevelt
1454,New Mexico,San Juan
1455,New Mexico,San Miguel
1456,New Mexico,Santa Fe
1457,New Mexico,Sierra
1458,New Mexico,Socorro
1459,New Mexico,Taos
1460,New Mexico,Torrance
1461,New Mexico,Union
1462,New York,Albany
1463,New York,Allegany
1464,New York,Bronx
1465,New York,Cattaraugus
1466,New York,Chenango
1467,New York,Clinton
1468,New York,Columbia
1469,New York,Delaware
1470,New York,Erie
1471,New York,Fulton
1472,New York,Genesee
1473,New York,Greene
1474,New York,Hamilton
1475,New York,Herkimer
1476,New York,Jefferson
1477,New York,Kings
1478,New York,Lewis
1479,New York,Livingston
1480,New York,Monroe
1481,New York,Nassau
1482,New York,New York
1483,New York,Oneida
1484,New York,Onondaga
1485,New York,Orleans
1486,New York,Putnam
1487,New York,Queens
1488,New York,Rockland
1489,New York,Schenectady
1490,New York,Schoharie
1491,New York,Schuyler
1492,New York,Steuben
1493,New York,Tioga
1494,New York,Tompkins
1495,New York,Ulster
1496,New York,Wayne
1497,New York,Westchester
1498,New York,Wyoming
1499,New York,Yates
1500,North Carolina,Alamance
1501,North Carolina,Alexander
1502,North Carolina,Alleghany
1503,North Carolina,Anson
1504,North Carolina,Ashe
1505,North Carolina,Avery
1506,North Carolina,Beaufort
1507,North Carolina,Bertie
1508,North Carolina,Brunswick
1509,North Carolina,Burke
1510,North Carolina,Cabarrus
1511,North Carolina,Caldwell
1512,North Carolina,Camden
1513,North Carolina,Carteret
1514,North Carolina,Catawba
1515,North Carolina,Chatham
1516,North Carolina,Cherokee
1517,North Carolina,Chowan
1518,North Carolina,Clay
1519,North Carolina,Cleveland
1520,North Carolina,Columbus
1521,North Carolina,Craven
1522,North Carolina,Currituck
1523,North Carolina,Dare
1524,North Carolina,Davidson
1525,North Carolina,Davie
1526,North Carolina,Duplin
1527,North Carolina,Durham
1528,North Carolina,Edgecombe
1529,North Carolina,Franklin
1530,North Carolina,Gaston
1531,North Carolina,Graham
1532,North Carolina,Greene
1533,North Carolina,Guilford
1534,North Carolina,Halifax
1535,North Carolina,Harnett
1536,North Carolina,Haywood
1537,North Carolina,Henderson
1538,North Carolina,Hertford
1539,North Carolina,Hoke
1540,North Carolina,Iredell
1541,North Carolina,Johnston
1542,North Carolina,Jones
1543,North Carolina,Lee
1544,North Carolina,Lenoir
1545,North Carolina,Lincoln
1546,North Carolina,McDowell
1547,North Carolina,Macon
1548,North Carolina,Madison
1549,North Carolina,Mecklenburg
1550,North Carolina,Mitchell
1551,North Carolina,Montgomery
1552,North Carolina,Moore
1553,North Carolina,Northampton
1554,North Carolina,Onslow
1555,North Carolina,Orange
1556,North Carolina,Pamlico
1557,North Carolina,Pasquotank
1558,North Carolina,Pender
1559,North Carolina,Perquimans
1560,North Carolina,Person
1561,North Carolina,Polk
1562,North Carolina,Randolph
1563,North Carolina,Rockingham
1564,North Carolina,Rowan
1565,North Carolina,Rutherford
1566,North Carolina,Sampson
1567,North Carolina,Stanly
1568,North Carolina,Stokes
1569,North Carolina,Surry
1570,North Carolina,Swain
1571,North Carolina,Transylvania
1572,North Carolina,Tyrrell
1573,North Carolina,Union
1574,North Carolina,Vance
1575,North Carolina,Warren
1576,North Carolina,Washington
1577,North Carolina,Wayne
1578,North Carolina,Wilkes
1579,North Carolina,Yadkin
1580,North Carolina,Yancey
1581,North Dakota,Adams
1582,North Dakota,Barnes
1583,North Dakota,Billings
1584,North Dakota,Bottineau
1585,North Dakota,Bowman
1586,North Dakota,Burke
1587,North Dakota,Burleigh
1588,North Dakota,Cavalier
1589,North Dakota,Dickey
1590,North Dakota,Divide
1591,North Dakota,Dunn
1592,North Dakota,Emmons
1593,North Dakota,Foster
1594,North Dakota,Golden Valley
1595,North Dakota,Grant
1596,North Dakota,Griggs
1597,North Dakota,Hettinger
1598,North Dakota,Kidder
1599,North Dakota,LaMoure
1600,North Dakota,Logan
1601,North Dakota,McHenry
1602,North Dakota,McIntosh
1603,North Dakota,McKenzie
1604,North Dakota,McLean
1605,North Dakota,Mercer
1606,North Dakota,Morton
1607,North Dakota,Oliver
1608,North Dakota,Pembina
1609,North Dakota,Pierce
1610,North Dakota,Ramsey
1611,North Dakota,Renville
1612,North Dakota,Richland
1613,North Dakota,Rolette
1614,North Dakota,Sheridan
1615,North Dakota,Sioux
1616,North Dakota,Slope
1617,North Dakota,Stark
1618,North Dakota,Stutsman
1619,North Dakota,Walsh
1620,North Dakota,Ward
1621,North Dakota,Wells
1622,North Dakota,Williams
1623,Ohio,Adams
1624,Ohio,Allen
1625,Ohio,Ashland
1626,Ohio,Athens
1627,Ohio,Auglaize
1628,Ohio,Brown
1629,Ohio,Butler
1630,Ohio,Carroll
1631,Ohio,Champaign
1632,Ohio,Clark
1633,Ohio,Clermont
1634,Ohio,Clinton
1635,Ohio,Columbiana
1636,Ohio,Coshocton
1637,Ohio,Crawford
1638,Ohio,Cuyahoga
1639,Ohio,Darke
1640,Ohio,Defiance
1641,Ohio,Delaware
1642,Ohio,Fairfield
1643,Ohio,Fayette
1644,Ohio,Franklin
1645,Ohio,Fulton
1646,Ohio,Gallia
1647,Ohio,Geauga
1648,Ohio,Greene
1649,Ohio,Guernsey
1650,Ohio,Hancock
1651,Ohio,Hardin
1652,Ohio,Harrison
1653,Ohio,Henry
1654,Ohio,Highland
1655,Ohio,Hocking
1656,Ohio,Holmes
1657,Ohio,Huron
1658,Ohio,Jackson
1659,Ohio,Knox
1660,Ohio,Lawrence
1661,Ohio,Licking
1662,Ohio,Logan
1663,Ohio,Lucas
1664,Ohio,Madison
1665,Ohio,Marion
1666,Ohio,Medina
1667,Ohio,Meigs
1668,Ohio,Mercer
1669,Ohio,Miami
1670,Ohio,Morgan
1671,Ohio,Morrow
1672,Ohio,Muskingum
1673,Ohio,Noble
1674,Ohio,Paulding
1675,Ohio,Perry
1676,Ohio,Pickaway
1677,Ohio,Pike
1678,Ohio,Preble
1679,Ohio,Putnam
1680,Ohio,Richland
1681,Ohio,Ross
1682,Ohio,Scioto
1683,Ohio,Seneca
1684,Ohio,Shelby
1685,Ohio,Summit
1686,Ohio,Union
1687,Ohio,Van Wert
1688,Ohio,Vinton
1689,Ohio,Warren
1690,Ohio,Washington
1691,Ohio,Wayne
1692,Ohio,Williams
1693,Ohio,Wyandot
1694,Oklahoma,Adair
1695,Oklahoma,Alfalfa
1696,Oklahoma,Atoka
1697,Oklahoma,Beaver
1698,Oklahoma,Beckham
1699,Oklahoma,Blaine
1700,Oklahoma,Bryan
1701,Oklahoma,Caddo
1702,Oklahoma,Canadian
1703,Oklahoma,Carter
1704,Oklahoma,Cherokee
1705,Oklahoma,Choctaw
1706,Oklahoma,Cimarron
1707,Oklahoma,Cleveland
1708,Oklahoma,Coal
1709,Oklahoma,Comanche
1710,Oklahoma,Cotton
1711,Oklahoma,Craig
1712,Oklahoma,Creek
1713,Oklahoma,Custer
1714,Oklahoma,Delaware
1715,Oklahoma,Dewey
1716,Oklahoma,Ellis
1717,Oklahoma,Garfield
1718,Oklahoma,Garvin
1719,Oklahoma,Grady
1720,Oklahoma,Grant
1721,Oklahoma,Greer
1722,Oklahoma,Harmon
1723,Oklahoma,Harper
1724,Oklahoma,Haskell
1725,Oklahoma,Hughes
1726,Oklahoma,Jackson
1727,Oklahoma,Jefferson
1728,Oklahoma,Johnston
1729,Oklahoma,Kay
1730,Oklahoma,Kingfisher
1731,Oklahoma,Kiowa
1732,Oklahoma,Latimer
1733,Oklahoma,Le Flore
1734,Oklahoma,Lincoln
1735,Oklahoma,Logan
1736,Oklahoma,Love
1737,Oklahoma,McClain
1738,Oklahoma,McCurtain
1739,Oklahoma,McIntosh
1740,Oklahoma,Major
1741,Oklahoma,Marshall
1742,Oklahoma,Mayes
1743,Oklahoma,Murray
1744,Oklahoma,Muskogee
1745,Oklahoma,Noble
1746,Oklahoma,Nowata
1747,Oklahoma,Okfuskee
1748,Oklahoma,Oklahoma
1749,Oklahoma,Okmulgee
1750,Oklahoma,Osage
1751,Oklahoma,Ottawa
1752,Oklahoma,Pawnee
1753,Oklahoma,Payne
1754,Oklahoma,Pittsburg
1755,Oklahoma,Pontotoc
1756,Oklahoma,Pottawatomie
1757,Oklahoma,Pushmataha
1758,Oklahoma,Roger Mills
1759,Oklahoma,Rogers
1760,Oklahoma,Seminole
1761,Oklahoma,Sequoyah
1762,Oklahoma,Stephens
1763,Oklahoma,Texas
1764,Oklahoma,Tillman
1765,Oklahoma,Tulsa
1766,Oklahoma,Wagoner
1767,Oklahoma,Washington
1768,Oklahoma,Washita
1769,Oklahoma,Woods
1770,Oklahoma,Woodward
1771,Oregon,Baker
1772,Oregon,Benton
1773,Oregon,Clatsop
1774,Oregon,Coos
1775,Oregon,Crook
1776,Oregon,Curry
1777,Oregon,Douglas
1778,Oregon,Gilliam
1779,Oregon,Grant
1780,Oregon,Harney
1781,Oregon,Hood River
1782,Oregon,Jefferson
1783,Oregon,Josephine
1784,Oregon,Klamath
1785,Oregon,Lake
1786,Oregon,Lane
1787,Oregon,Lincoln
1788,Oregon,Linn
1789,Oregon,Malheur
1790,Oregon,Morrow
1791,Oregon,Multnomah
1792,Oregon,Polk
1793,Oregon,Sherman
1794,Oregon,Umatilla
1795,Oregon,Union
1796,Oregon,Wallowa
1797,Oregon,Washington
1798,Oregon,Wheeler
1799,Oregon,Yamhill
1800,Pennsylvania,Adams
1801,Pennsylvania,Allegheny
1802,Pennsylvania,Armstrong
1803,Pennsylvania,Bedford
1804,Pennsylvania,Blair
1805,Pennsylvania,Bradford
1806,Pennsylvania,Bucks
1807,Pennsylvania,Butler
1808,Pennsylvania,Cameron
1809,Pennsylvania,Clarion
1810,Pennsylvania,Clearfield
1811,Pennsylvania,Clinton
1812,Pennsylvania,Columbia
1813,Pennsylvania,Crawford
1814,Pennsylvania,Cumberland
1815,Pennsylvania,Delaware
1816,Pennsylvania,Forest
1817,Pennsylvania,Franklin
1818,Pennsylvania,Fulton
1819,Pennsylvania,Greene
1820,Pennsylvania,Huntingdon
1821,Pennsylvania,Indiana
1822,Pennsylvania,Jefferson
1823,Pennsylvania,Juniata
1824,Pennsylvania,Lackawanna
1825,Pennsylvania,Lancaster
1826,Pennsylvania,Lawrence
1827,Pennsylvania,Lebanon
1828,Pennsylvania,Lehigh
1829,Pennsylvania,Lycoming
1830,Pennsylvania,McKean
1831,Pennsylvania,Mercer
1832,Pennsylvania,Mifflin
1833,Pennsylvania,Montgomery
1834,Pennsylvania,Montour
1835,Pennsylvania,Northumberland
1836,Pennsylvania,Perry
1837,Pennsylvania,Philadelphia
1838,Pennsylvania,Pike
1839,Pennsylvania,Potter
1840,Pennsylvania,Schuylkill
1841,Pennsylvania,Snyder
1842,Pennsylvania,Somerset
1843,Pennsylvania,Sullivan
1844,Pennsylvania,Susquehanna
1845,Pennsylvania,Tioga
1846,Pennsylvania,Union
1847,Pennsylvania,Venango
1848,Pennsylvania,Warren
1849,Pennsylvania,Wayne
1850,Pennsylvania,Westmoreland
1851,Pennsylvania,Wyoming
1852,Pennsylvania,York
1853,Rhode Island,Bristol
1854,Rhode Island,Newport
1855,Rhode Island,Providence
1856,Rhode Island,Washington
1857,South Carolina,Abbeville
1858,South Carolina,Aiken
1859,South Carolina,Allendale
1860,South Carolina,Anderson
1861,South Carolina,Bamberg
1862,South Carolina,Beaufort
1863,South Carolina,Berkeley
1864,South Carolina,Cherokee
1865,South Carolina,Chesterfield
1866,South Carolina,Dorchester
1867,South Carolina,Edgefield
1868,South Carolina,Fairfield
1869,South Carolina,Florence
1870,South Carolina,Georgetown
1871,South Carolina,Greenville
1872,South Carolina,Greenwood
1873,South Carolina,Hampton
1874,South Carolina,Horry
1875,South Carolina,Jasper
1876,South Carolina,Kershaw
1877,South Carolina,Lancaster
1878,South Carolina,Laurens
1879,South Carolina,Lee
1880,South Carolina,Lexington
1881,South Carolina,Marion
1882,South Carolina,Marlboro
1883,South Carolina,Newberry
1884,South Carolina,Oconee
1885,South Carolina,Orangeburg
1886,South Carolina,Pickens
1887,South Carolina,Richland
1888,South Carolina,Saluda
1889,South Carolina,Spartanburg
1890,South Carolina,Sumter
1891,South Carolina,Union
1892,South Carolina,Williamsburg
1893,South Carolina,York
1894,South Dakota,Aurora
1895,South Dakota,Beadle
1896,South Dakota,Bennett
1897,South Dakota,Bon Homme
1898,South Dakota,Brule
1899,South Dakota,Buffalo
1900,South Dakota,Butte
1901,South Dakota,Campbell
1902,South Dakota,Charles Mix
1903,South Dakota,Clark
1904,South Dakota,Clay
1905,South Dakota,Codington
1906,South Dakota,Custer
1907,South Dakota,Davison
1908,South Dakota,Deuel
1909,South Dakota,Dewey
1910,South Dakota,Douglas
1911,South Dakota,Edmunds
1912,South Dakota,Fall River
1913,South Dakota,Faulk
1914,South Dakota,Grant
1915,South Dakota,Gregory
1916,South Dakota,Haakon
1917,South Dakota,Hamlin
1918,South Dakota,Hand
1919,South Dakota,Hanson
1920,South Dakota,Harding
1921,South Dakota,Hughes
1922,South Dakota,Hutchinson
1923,South Dakota,Hyde
1924,South Dakota,Jackson
1925,South Dakota,Jerauld
1926,South Dakota,Jones
1927,South Dakota,Kingsbury
1928,South Dakota,Lawrence
1929,South Dakota,Lincoln
1930,South Dakota,Lyman
1931,South Dakota,McCook
1932,South Dakota,McPherson
1933,South Dakota,Meade
1934,South Dakota,Mellette
1935,South Dakota,Pennington
1936,South Dakota,Perkins
1937,South Dakota,Potter
1938,South Dakota,Sanborn
1939,South Dakota,Oglala Lakota
1940,South Dakota,Spink
1941,South Dakota,Stanley
1942,South Dakota,Sully
1943,South Dakota,Todd
1944,South Dakota,Tripp
1945,South Dakota,Turner
1946,South Dakota,Union
1947,South Dakota,Walworth
1948,South Dakota,Yankton
1949,Tennessee,Anderson
1950,Tennessee,Bedford
1951,Tennessee,Bledsoe
1952,Tennessee,Blount
1953,Tennessee,Bradley
1954,Tennessee,Campbell
1955,Tennessee,Cannon
1956,Tennessee,Carroll
1957,Tennessee,Carter
1958,Tennessee,Cheatham
1959,Tennessee,Chester
1960,Tennessee,Claiborne
1961,Tennessee,Cocke
1962,Tennessee,Coffee
1963,Tennessee,Crockett
1964,Tennessee,Cumberland
1965,Tennessee,Davidson
1966,Tennessee,Decatur
1967,Tennessee,DeKalb
1968,Tennessee,Dickson
1969,Tennessee,Dyer
1970,Tennessee,Fayette
1971,Tennessee,Fentress
1972,Tennessee,Franklin
1973,Tennessee,Gibson
1974,Tennessee,Giles
1975,Tennessee,Grainger
1976,Tennessee,Greene
1977,Tennessee,Hamblen
1978,Tennessee,Hamilton
1979,Tennessee,Hancock
1980,Tennessee,Hardin
1981,Tennessee,Hawkins
1982,Tennessee,Haywood
1983,Tennessee,Henderson
1984,Tennessee,Henry
1985,Tennessee,Hickman
1986,Tennessee,Jefferson
1987,Tennessee,Johnson
1988,Tennessee,Knox
1989,Tennessee,Lake
1990,Tennessee,Lawrence
1991,Tennessee,Lewis
1992,Tennessee,Lincoln
1993,Tennessee,Loudon
1994,Tennessee,McMinn
1995,Tennessee,McNairy
1996,Tennessee,Macon
1997,Tennessee,Madison
1998,Tennessee,Marion
1999,Tennessee,Marshall
2000,Tennessee,Maury
2001,Tennessee,Meigs
2002,Tennessee,Monroe
2003,Tennessee,Montgomery
2004,Tennessee,Moore
2005,Tennessee,Morgan
2006,Tennessee,Obion
2007,Tennessee,Pickett
2008,Tennessee,Polk
2009,Tennessee,Putnam
2010,Tennessee,Rhea
2011,Tennessee,Roane
2012,Tennessee,Robertson
2013,Tennessee,Rutherford
2014,Tennessee,Scott
2015,Tennessee,Sequatchie
2016,Tennessee,Sevier
2017,Tennessee,Shelby
2018,Tennessee,Sullivan
2019,Tennessee,Sumner
2020,Tennessee,Tipton
2021,Tennessee,Unicoi
2022,Tennessee,Union
2023,Tennessee,Warren
2024,Tennessee,Washington
2025,Tennessee,Wayne
2026,Tennessee,Weakley
2027,Tennessee,White
2028,Tennessee,Williamson
2029,Tennessee,Wilson
2030,Texas,Anderson
2031,Texas,Andrews
2032,Texas,Angelina
2033,Texas,Aransas
2034,Texas,Archer
2035,Texas,Armstrong
2036,Texas,Atascosa
2037,Texas,Austin
2038,Texas,Bailey
2039,Texas,Bandera
2040,Texas,Bastrop
2041,Texas,Baylor
2042,Texas,Bee
2043,Texas,Bell
2044,Texas,Blanco
2045,Texas,Borden
2046,Texas,Bosque
2047,Texas,Bowie
2048,Texas,Brazoria
2049,Texas,Brazos
2050,Texas,Briscoe
2051,Texas,Brooks
2052,Texas,Brown
2053,Texas,Burleson
2054,Texas,Burnet
2055,Texas,Caldwell
2056,Texas,Calhoun
2057,Texas,Callahan
2058,Texas,Camp
2059,Texas,Carson
2060,Texas,Cass
2061,Texas,Castro
2062,Texas,Chambers
2063,Texas,Cherokee
2064,Texas,Childress
2065,Texas,Clay
2066,Texas,Cochran
2067,Texas,Coke
2068,Texas,Coleman
2069,Texas,Collin
2070,Texas,Collingsworth
2071,Texas,Colorado
2072,Texas,Comal
2073,Texas,Comanche
2074,Texas,Concho
2075,Texas,Cooke
2076,Texas,Coryell
2077,Texas,Cottle
2078,Texas,Crane
2079,Texas,Crockett
2080,Texas,Crosby
2081,Texas,Dallam
2082,Texas,Dawson
2083,Texas,Deaf Smith
2084,Texas,Delta
2085,Texas,Denton
2086,Texas,Dewitt
2087,Texas,Dickens
2088,Texas,Dimmit
2089,Texas,Donley
2090,Texas,Duval
2091,Texas,Eastland
2092,Texas,Ector
2093,Texas,Edwards
2094,Texas,Ellis
2095,Texas,El Paso
2096,Texas,Erath
2097,Texas,Falls
2098,Texas,Fannin
2099,Texas,Fayette
2100,Texas,Fisher
2101,Texas,Floyd
2102,Texas,Foard
2103,Texas,Franklin
2104,Texas,Freestone
2105,Texas,Gaines
2106,Texas,Galveston
2107,Texas,Garza
2108,Texas,Gillespie
2109,Texas,Glasscock
2110,Texas,Goliad
2111,Texas,Gonzales
2112,Texas,Gray
2113,Texas,Grayson
2114,Texas,Gregg
2115,Texas,Grimes
2116,Texas,Guadalupe
2117,Texas,Hale
2118,Texas,Hall
2119,Texas,Hamilton
2120,Texas,Hansford
2121,Texas,Hardeman
2122,Texas,Hardin
2123,Texas,Harrison
2124,Texas,Hartley
2125,Texas,Haskell
2126,Texas,Hemphill
2127,Texas,Henderson
2128,Texas,Hidalgo
2129,Texas,Hill
2130,Texas,Hockley
2131,Texas,Hood
2132,Texas,Hopkins
2133,Texas,Houston
2134,Texas,Howard
2135,Texas,Hudspeth
2136,Texas,Hunt
2137,Texas,Hutchinson
2138,Texas,Irion
2139,Texas,Jack
2140,Texas,Jackson
2141,Texas,Jasper
2142,Texas,Jeff Davis
2143,Texas,Jim Hogg
2144,Texas,Johnson
2145,Texas,Jones
2146,Texas,Karnes
2147,Texas,Kaufman
2148,Texas,Kendall
2149,Texas,Kent
2150,Texas,Kerr
2151,Texas,Kimble
2152,Texas,King
2153,Texas,Kinney
2154,Texas,Knox
2155,Texas,Lamar
2156,Texas,Lamb
2157,Texas,Lampasas
2158,Texas,Lavaca
2159,Texas,Lee
2160,Texas,Leon
2161,Texas,Liberty
2162,Texas,Limestone
2163,Texas,Lipscomb
2164,Texas,Live Oak
2165,Texas,Llano
2166,Texas,Loving
2167,Texas,Lubbock
2168,Texas,Lynn
2169,Texas,McCulloch
2170,Texas,McLennan
2171,Texas,McMullen
2172,Texas,Madison
2173,Texas,Marion
2174,Texas,Martin
2175,Texas,Mason
2176,Texas,Matagorda
2177,Texas,Maverick
2178,Texas,Medina
2179,Texas,Menard
2180,Texas,Midland
2181,Texas,Milam
2182,Texas,Mills
2183,Texas,Mitchell
2184,Texas,Montague
2185,Texas,Montgomery
2186,Texas,Moore
2187,Texas,Morris
2188,Texas,Motley
2189,Texas,Nacogdoches
2190,Texas,Navarro
2191,Texas,Newton
2192,Texas,Nolan
2193,Texas,Nueces
2194,Texas,Ochiltree
2195,Texas,Oldham
2196,Texas,Orange
2197,Texas,Palo Pinto
2198,Texas,Panola
2199,Texas,Parker
2200,Texas,Parmer
2201,Texas,Pecos
2202,Texas,Polk
2203,Texas,Potter
2204,Texas,Presidio
2205,Texas,Rains
2206,Texas,Randall
2207,Texas,Reagan
2208,Texas,Real
2209,Texas,Red River
2210,Texas,Refugio
2211,Texas,Roberts
2212,Texas,Robertson
2213,Texas,Rockwall
2214,Texas,Runnels
2215,Texas,Rusk
2216,Texas,Sabine
2217,Texas,San Augustine
2218,Texas,San Jacinto
2219,Texas,San Patricio
2220,Texas,San Saba
2221,Texas,Schleicher
2222,Texas,Scurry
2223,Texas,Shackelford
2224,Texas,Shelby
2225,Texas,Sherman
2226,Texas,Smith
2227,Texas,Somervell
2228,Texas,Starr
2229,Texas,Stephens
2230,Texas,Sterling
2231,Texas,Stonewall
2232,Texas,Sutton
2233,Texas,Swisher
2234,Texas,Taylor
2235,Texas,Terrell
2236,Texas,Terry
2237,Texas,Throckmorton
2238,Texas,Titus
2239,Texas,Tom Green
2240,Texas,Travis
2241,Texas,Trinity
2242,Texas,Tyler
2243,Texas,Upshur
2244,Texas,Upton
2245,Texas,Uvalde
2246,Texas,Van Zandt
2247,Texas,Victoria
2248,Texas,Walker
2249,Texas,Waller
2250,Texas,Ward
2251,Texas,Washington
2252,Texas,Webb
2253,Texas,Wharton
2254,Texas,Wheeler
2255,Texas,Wichita
2256,Texas,Wilbarger
2257,Texas,Willacy
2258,Texas,Wilson
2259,Texas,Winkler
2260,Texas,Wise
2261,Texas,Wood
2262,Texas,Yoakum
2263,Texas,Young
2264,Texas,Zavala
2265,Utah,Beaver
2266,Utah,Box Elder
2267,Utah,Cache
2268,Utah,Carbon
2269,Utah,Daggett
2270,Utah,Davis
2271,Utah,Duchesne
2272,Utah,Emery
2273,Utah,Garfield
2274,Utah,Iron
2275,Utah,Juab
2276,Utah,Kane
2277,Utah,Millard
2278,Utah,Morgan
2279,Utah,Piute
2280,Utah,Rich
2281,Utah,San Juan
2282,Utah,Sanpete
2283,Utah,Sevier
2284,Utah,Tooele
2285,Utah,Uintah
2286,Utah,Utah
2287,Utah,Wasatch
2288,Utah,Washington
2289,Utah,Wayne
2290,Utah,Weber
2291,Vermont,Addison
2292,Vermont,Bennington
2293,Vermont,Caledonia
2294,Vermont,Chittenden
2295,Vermont,Franklin
2296,Vermont,Grand Isle
2297,Vermont,Lamoille
2298,Vermont,Orange
2299,Vermont,Orleans
2300,Vermont,Rutland
2301,Vermont,Washington
2302,Vermont,Windham
2303,Vermont,Windsor
2304,Virginia,Accomack
2305,Virginia,Albemarle
2306,Virginia,Alleghany
2307,Virginia,Amelia
2308,Virginia,Amherst
2309,Virginia,Appomattox
2310,Virginia,Arlington
2311,Virginia,Augusta
2312,Virginia,Bath
2313,Virginia,Bedford
2314,Virginia,Bland
2315,Virginia,Botetourt
2316,Virginia,Brunswick
2317,Virginia,Campbell
2318,Virginia,Carroll
2319,Virginia,Charles City
2320,Virginia,Charlotte
2321,Virginia,Clarke
2322,Virginia,Craig
2323,Virginia,Culpeper
2324,Virginia,Cumberland
2325,Virginia,Dinwiddie
2326,Virginia,Fairfax
2327,Virginia,Fauquier
2328,Virginia,Floyd
2329,Virginia,Fluvanna
2330,Virginia,Franklin
2331,Virginia,Frederick
2332,Virginia,Giles
2333,Virginia,Gloucester
2334,Virginia,Goochland
2335,Virginia,Grayson
2336,Virginia,Greene
2337,Virginia,Greensville
2338,Virginia,Halifax
2339,Virginia,Hanover
2340,Virginia,Henry
2341,Virginia,Highland
2342,Virginia,Isle of Wight
2343,Virginia,King George
2344,Virginia,King William
2345,Virginia,Lancaster
2346,Virginia,Lee
2347,Virginia,Louisa
2348,Virginia,Lunenburg
2349,Virginia,Madison
2350,Virginia,Mathews
2351,Virginia,Mecklenburg
2352,Virginia,Middlesex
2353,Virginia,New Kent
2354,Virginia,Northampton
2355,Virginia,Northumberland
2356,Virginia,Nottoway
2357,Virginia,Orange
2358,Virginia,Page
2359,Virginia,Patrick
2360,Virginia,Pittsylvania
2361,Virginia,Powhatan
2362,Virginia,Prince Edward
2363,Virginia,Prince George
2364,Virginia,Pulaski
2365,Virginia,Rappahannock
2366,Virginia,Richmond
2367,Virginia,Roanoke
2368,Virginia,Rockbridge
2369,Virginia,Rockingham
2370,Virginia,Russell
2371,Virginia,Scott
2372,Virginia,Shenandoah
2373,Virginia,Smyth
2374,Virginia,Southampton
2375,Virginia,Spotsylvania
2376,Virginia,Surry
2377,Virginia,Sussex
2378,Virginia,Tazewell
2379,Virginia,Warren
2380,Virginia,Washington
2381,Virginia,Wise
2382,Virginia,Wythe
2383,Virginia,York
2384,Virginia,Alexandria
2385,Virginia,Charlottesville
2386,Virginia,Danville
2387,Virginia,Emporia
2388,Virginia,Fairfax
2389,Virginia,Falls Church
2390,Virginia,Franklin
2391,Virginia,Fredericksburg
2392,Virginia,Hampton
2393,Virginia,Lexington
2394,Virginia,Martinsville
2395,Virginia,Newport News
2396,Virginia,Norfolk
2397,Virginia,Petersburg
2398,Virginia,Portsmouth
2399,Virginia,Richmond
2400,Virginia,Roanoke
2401,Virginia,Williamsburg
2402,Washington,Adams
2403,Washington,Asotin
2404,Washington,Benton
2405,Washington,Chelan
2406,Washington,Columbia
2407,Washington,Douglas
2408,Washington,Ferry
2409,Washington,Franklin
2410,Washington,Garfield
2411,Washington,Grant
2412,Washington,Jefferson
2413,Washington,King
2414,Washington,Kitsap
2415,Washington,Kittitas
2416,Washington,Lewis
2417,Washington,Lincoln
2418,Washington,Okanogan
2419,Washington,Pend Oreille
2420,Washington,Pierce
2421,Washington,San Juan
2422,Washington,Snohomish
2423,Washington,Spokane
2424,Washington,Stevens
2425,Washington,Thurston
2426,Washington,Walla Walla
2427,Washington,Whatcom
2428,Washington,Yakima
2429,West Virginia,Barbour
2430,West Virginia,Berkeley
2431,West Virginia,Cabell
2432,West Virginia,Calhoun
2433,West Virginia,Clay
2434,West Virginia,Doddridge
2435,West Virginia,Gilmer
2436,West Virginia,Grant
2437,West Virginia,Greenbrier
2438,West Virginia,Hampshire
2439,West Virginia,Hancock
2440,West Virginia,Hardy
2441,West Virginia,Harrison
2442,West Virginia,Jackson
2443,West Virginia,Kanawha
2444,West Virginia,Lewis
2445,West Virginia,Lincoln
2446,West Virginia,Marshall
2447,West Virginia,Mason
2448,West Virginia,Mercer
2449,West Virginia,Mineral
2450,West Virginia,Monroe
2451,West Virginia,Morgan
2452,West Virginia,Nicholas
2453,West Virginia,Ohio
2454,West Virginia,Pendleton
2455,West Virginia,Pleasants
2456,West Virginia,Pocahontas
2457,West Virginia,Preston
2458,West Virginia,Putnam
2459,West Virginia,Raleigh
2460,West Virginia,Randolph
2461,West Virginia,Ritchie
2462,West Virginia,Roane
2463,West Virginia,Summers
2464,West Virginia,Taylor
2465,West Virginia,Tucker
2466,West Virginia,Tyler
2467,West Virginia,Upshur
2468,West Virginia,Wayne
2469,West Virginia,Wetzel
2470,West Virginia,Wirt
2471,West Virginia,Wood
2472,West Virginia,Wyoming
2473,Wisconsin,Ashland
2474,Wisconsin,Bayfield
2475,Wisconsin,Dane
2476,Wisconsin,Dodge
2477,Wisconsin,Douglas
2478,Wisconsin,Eau Claire
2479,Wisconsin,Florence
2480,Wisconsin,Fond du Lac
2481,Wisconsin,Green
2482,Wisconsin,Green Lake
2483,Wisconsin,Iowa
2484,Wisconsin,La Crosse
2485,Wisconsin,Menominee
2486,Wisconsin,Milwaukee
2487,Wisconsin,Ozaukee
2488,Wisconsin,Polk
2489,Wisconsin,Portage
2490,Wisconsin,Rock
2491,Wisconsin,St. Croix
2492,Wisconsin,Sheboygan
2493,Wisconsin,Taylor
2494,Wisconsin,Vilas
2495,Wisconsin,Walworth
2496,Wisconsin,Washington
2497,Wisconsin,Waukesha
2498,Wyoming,Big Horn
2499,Wyoming,Campbell
2500,Wyoming,Carbon
2501,Wyoming,Converse
2502,Wyoming,Crook
2503,Wyoming,Fremont
2504,Wyoming,Goshen
2505,Wyoming,Hot Springs
2506,Wyoming,Johnson
2507,Wyoming,Laramie
2508,Wyoming,Lincoln
2509,Wyoming,Natrona
2510,Wyoming,Niobrara
2511,Wyoming,Park
2512,Wyoming,Platte
2513,Wyoming,Sheridan
2514,Wyoming,Sublette
2515,Wyoming,Sweetwater
2516,Wyoming,Teton
2517,Wyoming,Uinta
2518,Wyoming,Washakie
2519,Wyoming,Weston
